Feature,Importance
군집(LAI)_개화후2주,0.7018628
초장(cm)_분얼후기,0.1629675
SPAD_분얼전기,0.121794425
초장(cm)_분얼전기,0.013375285
간장(cm)_개화후2주,2.9006226e-09
LAI_분얼후기,9.71435e-10
엽록소함량(µmol/m2)_개화후2주,2.992969e-10
유수길이(mm)_분얼전기,1.6928586e-10
엽록소함량(µmol/m2)_개화후4주,4.657629e-11
군집(LAI)_개화기,4.552202e-11
관개,0.0
수장(cm)_개화후2주,0.0
파종,0.0
시비,0.0
엽록소함량(µmol/m2)_개화기,0.0
수장(cm)_개화기,0.0
간장(cm)_개화기,0.0
간장(cm)_개화후4주,0.0
SPAD_분얼후기,0.0
유수길이(mm)_분얼후기,0.0
수장(cm)_개화후4주,0.0
LAI_분얼전기,0.0
군집(LAI)_개화후4주,0.0
1수영화수_개화기,0.0
